﻿<?xml version="1.0" encoding="utf-8"?>
<TextureAtlas imagePath="CRUSTED MINTI OVER GF AAAAAAAAAAAAAA.png">
	<!-- Created with Adobe Animate version 22.0.0.93 -->
	<!-- http://www.adobe.com/products/animate.html -->
	<SubTexture name="GF Cheer0000" x="0" y="0" width="699" height="590" frameX="-2" frameY="0" frameWidth="703" frameHeight="590"/>
	<SubTexture name="GF Cheer0001" x="699" y="0" width="703" height="590"/>
	<SubTexture name="GF Cheer0002" x="1402" y="0" width="703" height="587" frameX="0" frameY="-3" frameWidth="703" frameHeight="590"/>
	<SubTexture name="GF Cheer0003" x="2105" y="0" width="699" height="587" frameX="-2" frameY="-3" frameWidth="703" frameHeight="590"/>
	<SubTexture name="GF Cheer0004" x="2804" y="0" width="699" height="587" frameX="-2" frameY="-3" frameWidth="703" frameHeight="590"/>
	<SubTexture name="GF Cheer0005" x="2804" y="0" width="699" height="587" frameX="-2" frameY="-3" frameWidth="703" frameHeight="590"/>
	<SubTexture name="GF Cheer0006" x="2804" y="0" width="699" height="587" frameX="-2" frameY="-3" frameWidth="703" frameHeight="590"/>
	<SubTexture name="GF Cheer0007" x="2804" y="0" width="699" height="587" frameX="-2" frameY="-3" frameWidth="703" frameHeight="590"/>
	<SubTexture name="GF Cheer0008" x="2804" y="0" width="699" height="587" frameX="-2" frameY="-3" frameWidth="703" frameHeight="590"/>
	<SubTexture name="GF Cheer0009" x="2804" y="0" width="699" height="587" frameX="-2" frameY="-3" frameWidth="703" frameHeight="590"/>
	<SubTexture name="GF Cheer0010" x="2804" y="0" width="699" height="587" frameX="-2" frameY="-3" frameWidth="703" frameHeight="590"/>
	<SubTexture name="GF Cheer0011" x="2804" y="0" width="699" height="587" frameX="-2" frameY="-3" frameWidth="703" frameHeight="590"/>
	<SubTexture name="GF Cheer0012" x="2804" y="0" width="699" height="587" frameX="-2" frameY="-3" frameWidth="703" frameHeight="590"/>
	<SubTexture name="GF Cheer0013" x="2804" y="0" width="699" height="587" frameX="-2" frameY="-3" frameWidth="703" frameHeight="590"/>
	<SubTexture name="GF Cheer0014" x="2804" y="0" width="699" height="587" frameX="-2" frameY="-3" frameWidth="703" frameHeight="590"/>
	<SubTexture name="GF Cheer0015" x="2804" y="0" width="699" height="587" frameX="-2" frameY="-3" frameWidth="703" frameHeight="590"/>
	<SubTexture name="GF Cheer0016" x="2804" y="0" width="699" height="587" frameX="-2" frameY="-3" frameWidth="703" frameHeight="590"/>
	<SubTexture name="GF Cheer0017" x="2804" y="0" width="699" height="587" frameX="-2" frameY="-3" frameWidth="703" frameHeight="590"/>
	<SubTexture name="GF Cheer0018" x="2804" y="0" width="699" height="587" frameX="-2" frameY="-3" frameWidth="703" frameHeight="590"/>
	<SubTexture name="GF Cheer0019" x="2804" y="0" width="699" height="587" frameX="-2" frameY="-3" frameWidth="703" frameHeight="590"/>
	<SubTexture name="GF Cheer0020" x="2804" y="0" width="699" height="587" frameX="-2" frameY="-3" frameWidth="703" frameHeight="590"/>
	<SubTexture name="GF Dancing Beat0000" x="3503" y="0" width="1060" height="768" frameX="-2" frameY="0" frameWidth="1066" frameHeight="768"/>
	<SubTexture name="GF Dancing Beat0001" x="4563" y="0" width="1062" height="768" frameX="0" frameY="0" frameWidth="1066" frameHeight="768"/>
	<SubTexture name="GF Dancing Beat0002" x="5625" y="0" width="1062" height="768" frameX="0" frameY="0" frameWidth="1066" frameHeight="768"/>
	<SubTexture name="GF Dancing Beat0003" x="6687" y="0" width="1061" height="762" frameX="-2" frameY="-6" frameWidth="1066" frameHeight="768"/>
	<SubTexture name="GF Dancing Beat0004" x="0" y="768" width="1061" height="762" frameX="-2" frameY="-6" frameWidth="1066" frameHeight="768"/>
	<SubTexture name="GF Dancing Beat0005" x="1061" y="768" width="1064" height="765" frameX="-2" frameY="-3" frameWidth="1066" frameHeight="768"/>
	<SubTexture name="GF Dancing Beat0006" x="2125" y="768" width="1064" height="765" frameX="-2" frameY="-3" frameWidth="1066" frameHeight="768"/>
	<SubTexture name="GF Dancing Beat0007" x="3189" y="768" width="1064" height="765" frameX="-2" frameY="-3" frameWidth="1066" frameHeight="768"/>
	<SubTexture name="GF Dancing Beat0008" x="3189" y="768" width="1064" height="765" frameX="-2" frameY="-3" frameWidth="1066" frameHeight="768"/>
	<SubTexture name="GF Dancing Beat0009" x="3189" y="768" width="1064" height="765" frameX="-2" frameY="-3" frameWidth="1066" frameHeight="768"/>
	<SubTexture name="GF Dancing Beat0010" x="4253" y="768" width="1064" height="765" frameX="-2" frameY="-3" frameWidth="1066" frameHeight="768"/>
	<SubTexture name="GF Dancing Beat0011" x="4253" y="768" width="1064" height="765" frameX="-2" frameY="-3" frameWidth="1066" frameHeight="768"/>
	<SubTexture name="GF Dancing Beat0012" x="4253" y="768" width="1064" height="765" frameX="-2" frameY="-3" frameWidth="1066" frameHeight="768"/>
	<SubTexture name="GF Dancing Beat0013" x="5317" y="768" width="1064" height="765" frameX="-2" frameY="-3" frameWidth="1066" frameHeight="768"/>
	<SubTexture name="GF Dancing Beat0014" x="5317" y="768" width="1064" height="765" frameX="-2" frameY="-3" frameWidth="1066" frameHeight="768"/>
	<SubTexture name="GF Dancing Beat0015" x="6381" y="768" width="1061" height="768" frameX="-2" frameY="0" frameWidth="1066" frameHeight="768"/>
	<SubTexture name="GF Dancing Beat0016" x="0" y="1536" width="1063" height="768" frameX="0" frameY="0" frameWidth="1066" frameHeight="768"/>
	<SubTexture name="GF Dancing Beat0017" x="1063" y="1536" width="1063" height="768" frameX="0" frameY="0" frameWidth="1066" frameHeight="768"/>
	<SubTexture name="GF Dancing Beat0018" x="2126" y="1536" width="1062" height="762" frameX="-2" frameY="-6" frameWidth="1066" frameHeight="768"/>
	<SubTexture name="GF Dancing Beat0019" x="3188" y="1536" width="1062" height="762" frameX="-2" frameY="-6" frameWidth="1066" frameHeight="768"/>
	<SubTexture name="GF Dancing Beat0020" x="4250" y="1536" width="1064" height="765" frameX="-2" frameY="-3" frameWidth="1066" frameHeight="768"/>
	<SubTexture name="GF Dancing Beat0021" x="5314" y="1536" width="1064" height="765" frameX="-2" frameY="-3" frameWidth="1066" frameHeight="768"/>
	<SubTexture name="GF Dancing Beat0022" x="6378" y="1536" width="1064" height="765" frameX="-2" frameY="-3" frameWidth="1066" frameHeight="768"/>
	<SubTexture name="GF Dancing Beat0023" x="6378" y="1536" width="1064" height="765" frameX="-2" frameY="-3" frameWidth="1066" frameHeight="768"/>
	<SubTexture name="GF Dancing Beat0024" x="6378" y="1536" width="1064" height="765" frameX="-2" frameY="-3" frameWidth="1066" frameHeight="768"/>
	<SubTexture name="GF Dancing Beat0025" x="4253" y="768" width="1064" height="765" frameX="-2" frameY="-3" frameWidth="1066" frameHeight="768"/>
	<SubTexture name="GF Dancing Beat0026" x="4253" y="768" width="1064" height="765" frameX="-2" frameY="-3" frameWidth="1066" frameHeight="768"/>
	<SubTexture name="GF Dancing Beat0027" x="4253" y="768" width="1064" height="765" frameX="-2" frameY="-3" frameWidth="1066" frameHeight="768"/>
	<SubTexture name="GF Dancing Beat0028" x="0" y="2304" width="1064" height="765" frameX="-2" frameY="-3" frameWidth="1066" frameHeight="768"/>
	<SubTexture name="GF Dancing Beat0029" x="0" y="2304" width="1064" height="765" frameX="-2" frameY="-3" frameWidth="1066" frameHeight="768"/>
	<SubTexture name="GF Dancing Beat Hair Landing0000" x="1064" y="2304" width="1060" height="768" frameX="-2" frameY="0" frameWidth="1066" frameHeight="768"/>
	<SubTexture name="GF Dancing Beat Hair Landing0001" x="2124" y="2304" width="1062" height="768" frameX="0" frameY="0" frameWidth="1066" frameHeight="768"/>
	<SubTexture name="GF Dancing Beat Hair Landing0002" x="3186" y="2304" width="1062" height="768" frameX="0" frameY="0" frameWidth="1066" frameHeight="768"/>
	<SubTexture name="GF Dancing Beat Hair Landing0003" x="4248" y="2304" width="1061" height="762" frameX="-2" frameY="-6" frameWidth="1066" frameHeight="768"/>
	<SubTexture name="GF Dancing Beat Hair Landing0004" x="5309" y="2304" width="1061" height="762" frameX="-2" frameY="-6" frameWidth="1066" frameHeight="768"/>
	<SubTexture name="GF Dancing Beat Hair Landing0005" x="6370" y="2304" width="1064" height="765" frameX="-2" frameY="-3" frameWidth="1066" frameHeight="768"/>
	<SubTexture name="GF Dancing Beat Hair Landing0006" x="0" y="3072" width="1064" height="765" frameX="-2" frameY="-3" frameWidth="1066" frameHeight="768"/>
	<SubTexture name="GF Dancing Beat Hair Landing0007" x="3189" y="768" width="1064" height="765" frameX="-2" frameY="-3" frameWidth="1066" frameHeight="768"/>
	<SubTexture name="GF Dancing Beat Hair Landing0008" x="3189" y="768" width="1064" height="765" frameX="-2" frameY="-3" frameWidth="1066" frameHeight="768"/>
	<SubTexture name="GF Dancing Beat Hair Landing0009" x="3189" y="768" width="1064" height="765" frameX="-2" frameY="-3" frameWidth="1066" frameHeight="768"/>
	<SubTexture name="GF Dancing Beat Hair Landing0010" x="4253" y="768" width="1064" height="765" frameX="-2" frameY="-3" frameWidth="1066" frameHeight="768"/>
	<SubTexture name="GF Dancing Beat Hair Landing0011" x="4253" y="768" width="1064" height="765" frameX="-2" frameY="-3" frameWidth="1066" frameHeight="768"/>
	<SubTexture name="GF Dancing Beat Hair Landing0012" x="4253" y="768" width="1064" height="765" frameX="-2" frameY="-3" frameWidth="1066" frameHeight="768"/>
	<SubTexture name="GF Dancing Beat Hair Landing0013" x="5317" y="768" width="1064" height="765" frameX="-2" frameY="-3" frameWidth="1066" frameHeight="768"/>
	<SubTexture name="GF Dancing Beat Hair Landing0014" x="5317" y="768" width="1064" height="765" frameX="-2" frameY="-3" frameWidth="1066" frameHeight="768"/>
	<SubTexture name="GF Dancing Beat Hair Landing0015" x="6381" y="768" width="1061" height="768" frameX="-2" frameY="0" frameWidth="1066" frameHeight="768"/>
	<SubTexture name="GF Dancing Beat Hair Landing0016" x="0" y="1536" width="1063" height="768" frameX="0" frameY="0" frameWidth="1066" frameHeight="768"/>
	<SubTexture name="GF Dancing Beat Hair Landing0017" x="1063" y="1536" width="1063" height="768" frameX="0" frameY="0" frameWidth="1066" frameHeight="768"/>
	<SubTexture name="GF Dancing Beat Hair Landing0018" x="2126" y="1536" width="1062" height="762" frameX="-2" frameY="-6" frameWidth="1066" frameHeight="768"/>
	<SubTexture name="GF Dancing Beat Hair Landing0019" x="3188" y="1536" width="1062" height="762" frameX="-2" frameY="-6" frameWidth="1066" frameHeight="768"/>
	<SubTexture name="GF Dancing Beat Hair Landing0020" x="4250" y="1536" width="1064" height="765" frameX="-2" frameY="-3" frameWidth="1066" frameHeight="768"/>
	<SubTexture name="GF Dancing Beat Hair Landing0021" x="5314" y="1536" width="1064" height="765" frameX="-2" frameY="-3" frameWidth="1066" frameHeight="768"/>
	<SubTexture name="GF Dancing Beat Hair Landing0022" x="6378" y="1536" width="1064" height="765" frameX="-2" frameY="-3" frameWidth="1066" frameHeight="768"/>
	<SubTexture name="GF Dancing Beat Hair Landing0023" x="6378" y="1536" width="1064" height="765" frameX="-2" frameY="-3" frameWidth="1066" frameHeight="768"/>
	<SubTexture name="GF Dancing Beat Hair Landing0024" x="6378" y="1536" width="1064" height="765" frameX="-2" frameY="-3" frameWidth="1066" frameHeight="768"/>
	<SubTexture name="GF Dancing Beat Hair Landing0025" x="4253" y="768" width="1064" height="765" frameX="-2" frameY="-3" frameWidth="1066" frameHeight="768"/>
	<SubTexture name="GF Dancing Beat Hair Landing0026" x="4253" y="768" width="1064" height="765" frameX="-2" frameY="-3" frameWidth="1066" frameHeight="768"/>
	<SubTexture name="GF Dancing Beat Hair Landing0027" x="4253" y="768" width="1064" height="765" frameX="-2" frameY="-3" frameWidth="1066" frameHeight="768"/>
	<SubTexture name="GF Dancing Beat Hair Landing0028" x="0" y="2304" width="1064" height="765" frameX="-2" frameY="-3" frameWidth="1066" frameHeight="768"/>
	<SubTexture name="GF Dancing Beat Hair Landing0029" x="0" y="2304" width="1064" height="765" frameX="-2" frameY="-3" frameWidth="1066" frameHeight="768"/>
	<SubTexture name="GF Dancing Beat Hair blowing0000" x="3503" y="0" width="1060" height="768" frameX="-2" frameY="0" frameWidth="1066" frameHeight="768"/>
	<SubTexture name="GF Dancing Beat Hair blowing0001" x="4563" y="0" width="1062" height="768" frameX="0" frameY="0" frameWidth="1066" frameHeight="768"/>
	<SubTexture name="GF Dancing Beat Hair blowing0002" x="5625" y="0" width="1062" height="768" frameX="0" frameY="0" frameWidth="1066" frameHeight="768"/>
	<SubTexture name="GF Dancing Beat Hair blowing0003" x="6687" y="0" width="1061" height="762" frameX="-2" frameY="-6" frameWidth="1066" frameHeight="768"/>
	<SubTexture name="GF Dancing Beat Hair blowing0004" x="0" y="768" width="1061" height="762" frameX="-2" frameY="-6" frameWidth="1066" frameHeight="768"/>
	<SubTexture name="GF Dancing Beat Hair blowing0005" x="1061" y="768" width="1064" height="765" frameX="-2" frameY="-3" frameWidth="1066" frameHeight="768"/>
	<SubTexture name="GF Dancing Beat Hair blowing0006" x="2125" y="768" width="1064" height="765" frameX="-2" frameY="-3" frameWidth="1066" frameHeight="768"/>
	<SubTexture name="GF Dancing Beat Hair blowing0007" x="3189" y="768" width="1064" height="765" frameX="-2" frameY="-3" frameWidth="1066" frameHeight="768"/>
	<SubTexture name="GF Dancing Beat Hair blowing0008" x="3189" y="768" width="1064" height="765" frameX="-2" frameY="-3" frameWidth="1066" frameHeight="768"/>
	<SubTexture name="GF Dancing Beat Hair blowing0009" x="3189" y="768" width="1064" height="765" frameX="-2" frameY="-3" frameWidth="1066" frameHeight="768"/>
	<SubTexture name="GF Dancing Beat Hair blowing0010" x="4253" y="768" width="1064" height="765" frameX="-2" frameY="-3" frameWidth="1066" frameHeight="768"/>
	<SubTexture name="GF Dancing Beat Hair blowing0011" x="4253" y="768" width="1064" height="765" frameX="-2" frameY="-3" frameWidth="1066" frameHeight="768"/>
	<SubTexture name="GF Dancing Beat Hair blowing0012" x="4253" y="768" width="1064" height="765" frameX="-2" frameY="-3" frameWidth="1066" frameHeight="768"/>
	<SubTexture name="GF Dancing Beat Hair blowing0013" x="5317" y="768" width="1064" height="765" frameX="-2" frameY="-3" frameWidth="1066" frameHeight="768"/>
	<SubTexture name="GF Dancing Beat Hair blowing0014" x="5317" y="768" width="1064" height="765" frameX="-2" frameY="-3" frameWidth="1066" frameHeight="768"/>
	<SubTexture name="GF Dancing Beat Hair blowing0015" x="6381" y="768" width="1061" height="768" frameX="-2" frameY="0" frameWidth="1066" frameHeight="768"/>
	<SubTexture name="GF Dancing Beat Hair blowing0016" x="0" y="1536" width="1063" height="768" frameX="0" frameY="0" frameWidth="1066" frameHeight="768"/>
	<SubTexture name="GF Dancing Beat Hair blowing0017" x="1063" y="1536" width="1063" height="768" frameX="0" frameY="0" frameWidth="1066" frameHeight="768"/>
	<SubTexture name="GF Dancing Beat Hair blowing0018" x="2126" y="1536" width="1062" height="762" frameX="-2" frameY="-6" frameWidth="1066" frameHeight="768"/>
	<SubTexture name="GF Dancing Beat Hair blowing0019" x="3188" y="1536" width="1062" height="762" frameX="-2" frameY="-6" frameWidth="1066" frameHeight="768"/>
	<SubTexture name="GF Dancing Beat Hair blowing0020" x="4250" y="1536" width="1064" height="765" frameX="-2" frameY="-3" frameWidth="1066" frameHeight="768"/>
	<SubTexture name="GF Dancing Beat Hair blowing0021" x="5314" y="1536" width="1064" height="765" frameX="-2" frameY="-3" frameWidth="1066" frameHeight="768"/>
	<SubTexture name="GF Dancing Beat Hair blowing0022" x="6378" y="1536" width="1064" height="765" frameX="-2" frameY="-3" frameWidth="1066" frameHeight="768"/>
	<SubTexture name="GF Dancing Beat Hair blowing0023" x="6378" y="1536" width="1064" height="765" frameX="-2" frameY="-3" frameWidth="1066" frameHeight="768"/>
	<SubTexture name="GF Dancing Beat Hair blowing0024" x="6378" y="1536" width="1064" height="765" frameX="-2" frameY="-3" frameWidth="1066" frameHeight="768"/>
	<SubTexture name="GF Dancing Beat Hair blowing0025" x="4253" y="768" width="1064" height="765" frameX="-2" frameY="-3" frameWidth="1066" frameHeight="768"/>
	<SubTexture name="GF Dancing Beat Hair blowing0026" x="4253" y="768" width="1064" height="765" frameX="-2" frameY="-3" frameWidth="1066" frameHeight="768"/>
	<SubTexture name="GF Dancing Beat Hair blowing0027" x="4253" y="768" width="1064" height="765" frameX="-2" frameY="-3" frameWidth="1066" frameHeight="768"/>
	<SubTexture name="GF Dancing Beat Hair blowing0028" x="0" y="2304" width="1064" height="765" frameX="-2" frameY="-3" frameWidth="1066" frameHeight="768"/>
	<SubTexture name="GF Dancing Beat Hair blowing0029" x="0" y="2304" width="1064" height="765" frameX="-2" frameY="-3" frameWidth="1066" frameHeight="768"/>
	<SubTexture name="GF Dancing Beat Hair blowing CAR0000" x="3503" y="0" width="1060" height="768" frameX="-2" frameY="0" frameWidth="1066" frameHeight="768"/>
	<SubTexture name="GF Dancing Beat Hair blowing CAR0001" x="4563" y="0" width="1062" height="768" frameX="0" frameY="0" frameWidth="1066" frameHeight="768"/>
	<SubTexture name="GF Dancing Beat Hair blowing CAR0002" x="5625" y="0" width="1062" height="768" frameX="0" frameY="0" frameWidth="1066" frameHeight="768"/>
	<SubTexture name="GF Dancing Beat Hair blowing CAR0003" x="6687" y="0" width="1061" height="762" frameX="-2" frameY="-6" frameWidth="1066" frameHeight="768"/>
	<SubTexture name="GF Dancing Beat Hair blowing CAR0004" x="0" y="768" width="1061" height="762" frameX="-2" frameY="-6" frameWidth="1066" frameHeight="768"/>
	<SubTexture name="GF Dancing Beat Hair blowing CAR0005" x="1061" y="768" width="1064" height="765" frameX="-2" frameY="-3" frameWidth="1066" frameHeight="768"/>
	<SubTexture name="GF Dancing Beat Hair blowing CAR0006" x="2125" y="768" width="1064" height="765" frameX="-2" frameY="-3" frameWidth="1066" frameHeight="768"/>
	<SubTexture name="GF Dancing Beat Hair blowing CAR0007" x="3189" y="768" width="1064" height="765" frameX="-2" frameY="-3" frameWidth="1066" frameHeight="768"/>
	<SubTexture name="GF Dancing Beat Hair blowing CAR0008" x="3189" y="768" width="1064" height="765" frameX="-2" frameY="-3" frameWidth="1066" frameHeight="768"/>
	<SubTexture name="GF Dancing Beat Hair blowing CAR0009" x="3189" y="768" width="1064" height="765" frameX="-2" frameY="-3" frameWidth="1066" frameHeight="768"/>
	<SubTexture name="GF Dancing Beat Hair blowing CAR0010" x="4253" y="768" width="1064" height="765" frameX="-2" frameY="-3" frameWidth="1066" frameHeight="768"/>
	<SubTexture name="GF Dancing Beat Hair blowing CAR0011" x="4253" y="768" width="1064" height="765" frameX="-2" frameY="-3" frameWidth="1066" frameHeight="768"/>
	<SubTexture name="GF Dancing Beat Hair blowing CAR0012" x="4253" y="768" width="1064" height="765" frameX="-2" frameY="-3" frameWidth="1066" frameHeight="768"/>
	<SubTexture name="GF Dancing Beat Hair blowing CAR0013" x="5317" y="768" width="1064" height="765" frameX="-2" frameY="-3" frameWidth="1066" frameHeight="768"/>
	<SubTexture name="GF Dancing Beat Hair blowing CAR0014" x="5317" y="768" width="1064" height="765" frameX="-2" frameY="-3" frameWidth="1066" frameHeight="768"/>
	<SubTexture name="GF Dancing Beat Hair blowing CAR0015" x="6381" y="768" width="1061" height="768" frameX="-2" frameY="0" frameWidth="1066" frameHeight="768"/>
	<SubTexture name="GF Dancing Beat Hair blowing CAR0016" x="0" y="1536" width="1063" height="768" frameX="0" frameY="0" frameWidth="1066" frameHeight="768"/>
	<SubTexture name="GF Dancing Beat Hair blowing CAR0017" x="1063" y="1536" width="1063" height="768" frameX="0" frameY="0" frameWidth="1066" frameHeight="768"/>
	<SubTexture name="GF Dancing Beat Hair blowing CAR0018" x="2126" y="1536" width="1062" height="762" frameX="-2" frameY="-6" frameWidth="1066" frameHeight="768"/>
	<SubTexture name="GF Dancing Beat Hair blowing CAR0019" x="3188" y="1536" width="1062" height="762" frameX="-2" frameY="-6" frameWidth="1066" frameHeight="768"/>
	<SubTexture name="GF Dancing Beat Hair blowing CAR0020" x="4250" y="1536" width="1064" height="765" frameX="-2" frameY="-3" frameWidth="1066" frameHeight="768"/>
	<SubTexture name="GF Dancing Beat Hair blowing CAR0021" x="5314" y="1536" width="1064" height="765" frameX="-2" frameY="-3" frameWidth="1066" frameHeight="768"/>
	<SubTexture name="GF Dancing Beat Hair blowing CAR0022" x="6378" y="1536" width="1064" height="765" frameX="-2" frameY="-3" frameWidth="1066" frameHeight="768"/>
	<SubTexture name="GF Dancing Beat Hair blowing CAR0023" x="6378" y="1536" width="1064" height="765" frameX="-2" frameY="-3" frameWidth="1066" frameHeight="768"/>
	<SubTexture name="GF Dancing Beat Hair blowing CAR0024" x="6378" y="1536" width="1064" height="765" frameX="-2" frameY="-3" frameWidth="1066" frameHeight="768"/>
	<SubTexture name="GF Dancing Beat Hair blowing CAR0025" x="4253" y="768" width="1064" height="765" frameX="-2" frameY="-3" frameWidth="1066" frameHeight="768"/>
	<SubTexture name="GF Dancing Beat Hair blowing CAR0026" x="4253" y="768" width="1064" height="765" frameX="-2" frameY="-3" frameWidth="1066" frameHeight="768"/>
	<SubTexture name="GF Dancing Beat Hair blowing CAR0027" x="4253" y="768" width="1064" height="765" frameX="-2" frameY="-3" frameWidth="1066" frameHeight="768"/>
	<SubTexture name="GF Dancing Beat Hair blowing CAR0028" x="0" y="2304" width="1064" height="765" frameX="-2" frameY="-3" frameWidth="1066" frameHeight="768"/>
	<SubTexture name="GF Dancing Beat Hair blowing CAR0029" x="0" y="2304" width="1064" height="765" frameX="-2" frameY="-3" frameWidth="1066" frameHeight="768"/>
	<SubTexture name="GF Down Note0000" x="1064" y="3072" width="1086" height="759" frameX="0" frameY="-5" frameWidth="1086" frameHeight="764"/>
	<SubTexture name="GF Down Note0001" x="2150" y="3072" width="1086" height="759" frameX="0" frameY="-5" frameWidth="1086" frameHeight="764"/>
	<SubTexture name="GF Down Note0002" x="3236" y="3072" width="1076" height="764" frameX="-5" frameY="0" frameWidth="1086" frameHeight="764"/>
	<SubTexture name="GF Down Note0003" x="4312" y="3072" width="1076" height="764" frameX="-5" frameY="0" frameWidth="1086" frameHeight="764"/>
	<SubTexture name="GF Down Note0004" x="5388" y="3072" width="1076" height="764" frameX="-5" frameY="0" frameWidth="1086" frameHeight="764"/>
	<SubTexture name="GF Down Note0005" x="5388" y="3072" width="1076" height="764" frameX="-5" frameY="0" frameWidth="1086" frameHeight="764"/>
	<SubTexture name="GF Down Note0006" x="5388" y="3072" width="1076" height="764" frameX="-5" frameY="0" frameWidth="1086" frameHeight="764"/>
	<SubTexture name="GF Down Note0007" x="5388" y="3072" width="1076" height="764" frameX="-5" frameY="0" frameWidth="1086" frameHeight="764"/>
	<SubTexture name="GF Down Note0008" x="5388" y="3072" width="1076" height="764" frameX="-5" frameY="0" frameWidth="1086" frameHeight="764"/>
	<SubTexture name="GF Down Note0009" x="5388" y="3072" width="1076" height="764" frameX="-5" frameY="0" frameWidth="1086" frameHeight="764"/>
	<SubTexture name="GF Down Note0010" x="5388" y="3072" width="1076" height="764" frameX="-5" frameY="0" frameWidth="1086" frameHeight="764"/>
	<SubTexture name="GF Down Note0011" x="5388" y="3072" width="1076" height="764" frameX="-5" frameY="0" frameWidth="1086" frameHeight="764"/>
	<SubTexture name="GF Down Note0012" x="5388" y="3072" width="1076" height="764" frameX="-5" frameY="0" frameWidth="1086" frameHeight="764"/>
	<SubTexture name="GF Down Note0013" x="5388" y="3072" width="1076" height="764" frameX="-5" frameY="0" frameWidth="1086" frameHeight="764"/>
	<SubTexture name="GF Down Note0014" x="5388" y="3072" width="1076" height="764" frameX="-5" frameY="0" frameWidth="1086" frameHeight="764"/>
	<SubTexture name="GF Down Note0015" x="5388" y="3072" width="1076" height="764" frameX="-5" frameY="0" frameWidth="1086" frameHeight="764"/>
	<SubTexture name="GF Down Note0016" x="5388" y="3072" width="1076" height="764" frameX="-5" frameY="0" frameWidth="1086" frameHeight="764"/>
	<SubTexture name="GF Down Note0017" x="5388" y="3072" width="1076" height="764" frameX="-5" frameY="0" frameWidth="1086" frameHeight="764"/>
	<SubTexture name="GF Down Note0018" x="5388" y="3072" width="1076" height="764" frameX="-5" frameY="0" frameWidth="1086" frameHeight="764"/>
	<SubTexture name="GF Down Note0019" x="5388" y="3072" width="1076" height="764" frameX="-5" frameY="0" frameWidth="1086" frameHeight="764"/>
	<SubTexture name="GF Duck0000" x="6464" y="3072" width="1105" height="765"/>
	<SubTexture name="GF Duck0001" x="6464" y="3072" width="1105" height="765"/>
	<SubTexture name="GF Duck0002" x="0" y="3837" width="1084" height="762" frameX="-12" frameY="-3" frameWidth="1105" frameHeight="765"/>
	<SubTexture name="GF Duck0003" x="0" y="3837" width="1084" height="762" frameX="-12" frameY="-3" frameWidth="1105" frameHeight="765"/>
	<SubTexture name="GF Duck Hair Blowing0000" x="6464" y="3072" width="1105" height="765"/>
	<SubTexture name="GF Duck Hair Blowing0001" x="6464" y="3072" width="1105" height="765"/>
	<SubTexture name="GF Duck Hair Blowing0002" x="0" y="3837" width="1084" height="762" frameX="-12" frameY="-3" frameWidth="1105" frameHeight="765"/>
	<SubTexture name="GF Duck Hair Blowing0003" x="0" y="3837" width="1084" height="762" frameX="-12" frameY="-3" frameWidth="1105" frameHeight="765"/>
	<SubTexture name="GF FEAR 0000" x="1084" y="3837" width="700" height="716" frameX="-1" frameY="-1" frameWidth="701" frameHeight="717"/>
	<SubTexture name="GF FEAR 0001" x="1784" y="3837" width="700" height="717" frameX="-1" frameY="0" frameWidth="701" frameHeight="717"/>
	<SubTexture name="GF FEAR 0002" x="2484" y="3837" width="700" height="715" frameX="-1" frameY="-2" frameWidth="701" frameHeight="717"/>
	<SubTexture name="GF FEAR 0003" x="3184" y="3837" width="701" height="717"/>
	<SubTexture name="GF Right Note0000" x="3885" y="3837" width="1061" height="768" frameX="-2" frameY="0" frameWidth="1064" frameHeight="768"/>
	<SubTexture name="GF Right Note0001" x="4946" y="3837" width="1063" height="768" frameX="0" frameY="0" frameWidth="1064" frameHeight="768"/>
	<SubTexture name="GF Right Note0002" x="6009" y="3837" width="1064" height="762" frameX="0" frameY="-6" frameWidth="1064" frameHeight="768"/>
	<SubTexture name="GF Right Note0003" x="7073" y="3837" width="1062" height="762" frameX="-2" frameY="-6" frameWidth="1064" frameHeight="768"/>
	<SubTexture name="GF Right Note0004" x="0" y="4605" width="1062" height="762" frameX="-2" frameY="-6" frameWidth="1064" frameHeight="768"/>
	<SubTexture name="GF Right Note0005" x="0" y="4605" width="1062" height="762" frameX="-2" frameY="-6" frameWidth="1064" frameHeight="768"/>
	<SubTexture name="GF Right Note0006" x="0" y="4605" width="1062" height="762" frameX="-2" frameY="-6" frameWidth="1064" frameHeight="768"/>
	<SubTexture name="GF Right Note0007" x="0" y="4605" width="1062" height="762" frameX="-2" frameY="-6" frameWidth="1064" frameHeight="768"/>
	<SubTexture name="GF Right Note0008" x="0" y="4605" width="1062" height="762" frameX="-2" frameY="-6" frameWidth="1064" frameHeight="768"/>
	<SubTexture name="GF Right Note0009" x="0" y="4605" width="1062" height="762" frameX="-2" frameY="-6" frameWidth="1064" frameHeight="768"/>
	<SubTexture name="GF Right Note0010" x="0" y="4605" width="1062" height="762" frameX="-2" frameY="-6" frameWidth="1064" frameHeight="768"/>
	<SubTexture name="GF Right Note0011" x="0" y="4605" width="1062" height="762" frameX="-2" frameY="-6" frameWidth="1064" frameHeight="768"/>
	<SubTexture name="GF Right Note0012" x="0" y="4605" width="1062" height="762" frameX="-2" frameY="-6" frameWidth="1064" frameHeight="768"/>
	<SubTexture name="GF Right Note0013" x="0" y="4605" width="1062" height="762" frameX="-2" frameY="-6" frameWidth="1064" frameHeight="768"/>
	<SubTexture name="GF Right Note0014" x="0" y="4605" width="1062" height="762" frameX="-2" frameY="-6" frameWidth="1064" frameHeight="768"/>
	<SubTexture name="GF Up Note0000" x="1062" y="4605" width="1065" height="774" frameX="-2" frameY="0" frameWidth="1067" frameHeight="774"/>
	<SubTexture name="GF Up Note0001" x="2127" y="4605" width="1067" height="774"/>
	<SubTexture name="GF Up Note0002" x="3194" y="4605" width="1066" height="765" frameX="0" frameY="-9" frameWidth="1067" frameHeight="774"/>
	<SubTexture name="GF Up Note0003" x="4260" y="4605" width="1064" height="765" frameX="-2" frameY="-9" frameWidth="1067" frameHeight="774"/>
	<SubTexture name="GF Up Note0004" x="5324" y="4605" width="1064" height="765" frameX="-2" frameY="-9" frameWidth="1067" frameHeight="774"/>
	<SubTexture name="GF Up Note0005" x="5324" y="4605" width="1064" height="765" frameX="-2" frameY="-9" frameWidth="1067" frameHeight="774"/>
	<SubTexture name="GF Up Note0006" x="5324" y="4605" width="1064" height="765" frameX="-2" frameY="-9" frameWidth="1067" frameHeight="774"/>
	<SubTexture name="GF left note0000" x="6388" y="4605" width="1061" height="762" frameX="-2" frameY="-3" frameWidth="1066" frameHeight="765"/>
	<SubTexture name="GF left note0001" x="0" y="5379" width="1063" height="762" frameX="0" frameY="-3" frameWidth="1066" frameHeight="765"/>
	<SubTexture name="GF left note0002" x="1063" y="5379" width="1066" height="765"/>
	<SubTexture name="GF left note0003" x="2129" y="5379" width="1064" height="765" frameX="-2" frameY="0" frameWidth="1066" frameHeight="765"/>
	<SubTexture name="GF left note0004" x="3193" y="5379" width="1064" height="765" frameX="-2" frameY="0" frameWidth="1066" frameHeight="765"/>
	<SubTexture name="GF left note0005" x="3193" y="5379" width="1064" height="765" frameX="-2" frameY="0" frameWidth="1066" frameHeight="765"/>
	<SubTexture name="GF left note0006" x="3193" y="5379" width="1064" height="765" frameX="-2" frameY="0" frameWidth="1066" frameHeight="765"/>
	<SubTexture name="GF left note0007" x="3193" y="5379" width="1064" height="765" frameX="-2" frameY="0" frameWidth="1066" frameHeight="765"/>
	<SubTexture name="GF left note0008" x="3193" y="5379" width="1064" height="765" frameX="-2" frameY="0" frameWidth="1066" frameHeight="765"/>
	<SubTexture name="GF left note0009" x="3193" y="5379" width="1064" height="765" frameX="-2" frameY="0" frameWidth="1066" frameHeight="765"/>
	<SubTexture name="GF left note0010" x="3193" y="5379" width="1064" height="765" frameX="-2" frameY="0" frameWidth="1066" frameHeight="765"/>
	<SubTexture name="GF left note0011" x="3193" y="5379" width="1064" height="765" frameX="-2" frameY="0" frameWidth="1066" frameHeight="765"/>
	<SubTexture name="GF left note0012" x="3193" y="5379" width="1064" height="765" frameX="-2" frameY="0" frameWidth="1066" frameHeight="765"/>
	<SubTexture name="GF left note0013" x="3193" y="5379" width="1064" height="765" frameX="-2" frameY="0" frameWidth="1066" frameHeight="765"/>
	<SubTexture name="GF left note0014" x="3193" y="5379" width="1064" height="765" frameX="-2" frameY="0" frameWidth="1066" frameHeight="765"/>
</TextureAtlas>
